rfid_movement_id,rfid_id,rfid_zone,entry_time,exit_time
878b3706-e9ec-4aa3-916d-d84091923b09,RFID1272039,Backroom,2025-04-06 11:11:17,2025-04-06 11:18:17
406658e4-f459-4ea0-9f5f-7df53c529fa8,RFID1272039,Replenishment,2025-04-06 11:18:17,2025-04-06 11:22:17
cc81e2c4-03dc-4884-807e-040dfd0fea92,RFID1272039,Entrance,2025-04-06 11:22:17,2025-04-06 11:26:17
ac1ce4b3-235a-46d4-ba78-8462b4587e48,RFID1272039,Cashier,2025-04-06 11:26:17,2025-04-06 11:29:17
a4f9af25-840f-4cf6-a94f-d6a5852d9fb1,RFID6427041,Backroom,2025-04-05 11:31:53,2025-04-05 11:34:53
e0f5f82e-57f5-4d85-915d-28cffdc11dcf,RFID6427041,Replenishment,2025-04-05 11:34:53,2025-04-05 11:38:53
83068009-ce27-4abd-92f8-bba555b702e7,RFID6427041,Entrance,2025-04-05 11:38:53,2025-04-05 11:44:53
35df15e2-a28c-4fdb-af01-312f4c1f2181,RFID6427041,Cashier,2025-04-05 11:44:53,2025-04-05 11:51:53
e219c404-d3ea-4403-8f4e-1beb8f16923f,RFID5911037,Backroom,2025-04-02 13:28:29,2025-04-02 13:33:29
7c0439cf-d85a-432e-8109-86e7cfa436e1,RFID5911037,Replenishment,2025-04-02 13:33:29,2025-04-02 13:39:29
adbb01bd-03e9-441d-92ed-3114102dc0a6,RFID5911037,Entrance,2025-04-02 13:39:29,2025-04-02 13:43:29
af68623f-31b6-4f64-9d13-c1a2c34b1931,RFID5911037,Cashier,2025-04-02 13:43:29,2025-04-02 13:50:29
95126b79-7c98-4f87-9c03-0847480e873f,RFID6427041,Backroom,2025-04-06 17:22:01,2025-04-06 17:25:01
f4fbd657-41a0-4fad-bf3a-d8080d199b93,RFID6427041,Replenishment,2025-04-06 17:25:01,2025-04-06 17:30:01
66fc9eca-b049-42c0-8dac-cc435adfcc32,RFID6427041,Entrance,2025-04-06 17:30:01,2025-04-06 17:34:01
7bda02ff-632c-40bf-8983-1d141a96afb7,RFID6427041,Cashier,2025-04-06 17:34:01,2025-04-06 17:40:01
5156f077-d8d2-47ce-a4e7-9d4461795172,RFID1272039,Backroom,2025-04-06 17:19:01,2025-04-06 17:24:01
5d0823a4-dd0a-455a-8f89-a8298d656982,RFID1272039,Replenishment,2025-04-06 17:24:01,2025-04-06 17:29:01
434d7f82-ccb3-455a-be24-34c0d3f45f87,RFID1272039,Entrance,2025-04-06 17:29:01,2025-04-06 17:36:01
4c0abe12-01b1-4226-b823-a109239d230c,RFID1272039,Cashier,2025-04-06 17:36:01,2025-04-06 17:40:01
4e249561-78dd-4ab5-b0fe-0377ff3a570e,RFID1436045,Backroom,2025-04-06 15:13:37,2025-04-06 15:20:37
7c9c1555-f2d1-4555-9141-cd36ebe3e498,RFID1436045,Replenishment,2025-04-06 15:20:37,2025-04-06 15:25:37
da49dae8-a290-4809-a6d5-494c2ccac4c1,RFID1436045,Entrance,2025-04-06 15:25:37,2025-04-06 15:31:37
aa4206e5-15b3-4a19-9cee-ad4010b0f7f4,RFID1436045,Cashier,2025-04-06 15:31:37,2025-04-06 15:34:37
8faabe08-ce0a-40cc-ac0a-fb1391185394,RFID1272039,Backroom,2025-04-02 13:21:22,2025-04-02 13:26:22
247f07c1-9d92-4e3f-a5e0-b80e2556ff95,RFID1272039,Replenishment,2025-04-02 13:26:22,2025-04-02 13:31:22
174da2e1-1c49-46b7-80e9-64d62cf477b8,RFID1272039,Entrance,2025-04-02 13:31:22,2025-04-02 13:37:22
78083759-1b60-43b9-ae5a-628813d1a614,RFID1272039,Cashier,2025-04-02 13:37:22,2025-04-02 13:44:22
1b66e4df-de02-4e60-8963-c1c483d66140,RFID7035040,Backroom,2025-04-02 13:29:22,2025-04-02 13:35:22
bc62aa84-786c-432d-b381-9f335639711b,RFID7035040,Replenishment,2025-04-02 13:35:22,2025-04-02 13:40:22
56bbd77e-f88b-4f6e-b17e-4d8e3aa32767,RFID7035040,Entrance,2025-04-02 13:40:22,2025-04-02 13:43:22
be7798c1-15cc-4ebd-b7fb-788ef7b948e5,RFID7035040,Cashier,2025-04-02 13:43:22,2025-04-02 13:49:22
6bfb2ced-11c3-4536-8f7c-9ddc6af847c0,RFID9193015,Backroom,2025-04-04 16:02:19,2025-04-04 16:07:19
267a7214-19c6-486c-9a8f-5c5a59cd5813,RFID9193015,Replenishment,2025-04-04 16:07:19,2025-04-04 16:12:19
8e4e6898-b393-4f54-87de-b89ee10171dd,RFID9193015,Entrance,2025-04-04 16:12:19,2025-04-04 16:19:19
f4eac451-2519-43fd-a17c-d9aa89fca2da,RFID9193015,Cashier,2025-04-04 16:19:19,2025-04-04 16:26:19
beaaaae7-9729-4b2c-a86b-9fef0e4e3a51,RFID8780038,Backroom,2025-04-04 16:04:19,2025-04-04 16:09:19
ad84dcdd-d80a-46b7-92b3-013dc70f64db,RFID8780038,Replenishment,2025-04-04 16:09:19,2025-04-04 16:12:19
f1c0fc46-758a-4800-a9c8-b31281d1ef96,RFID8780038,Entrance,2025-04-04 16:12:19,2025-04-04 16:19:19
a547a36f-df15-4565-b3eb-607b9df1b341,RFID8780038,Cashier,2025-04-04 16:19:19,2025-04-04 16:26:19
d8aebb18-1d81-45fd-b3ef-04d41d5efeaa,RFID9311033,Backroom,2025-04-07 14:00:44,2025-04-07 14:07:44
08710481-c2a3-46d6-ae0e-0660d540ade1,RFID9311033,Replenishment,2025-04-07 14:07:44,2025-04-07 14:14:44
a5b94723-a9c3-4be9-96c0-83250937af1f,RFID9311033,Entrance,2025-04-07 14:14:44,2025-04-07 14:20:44
87b26f79-0d60-4c72-beed-5cb3c7413ead,RFID9311033,Cashier,2025-04-07 14:20:44,2025-04-07 14:27:44
17dd9af0-0cdc-4c0f-86b8-9c8e69de6f6a,RFID9341013,Backroom,2025-04-07 14:03:44,2025-04-07 14:08:44
cd9eea97-5ca1-4da8-8c49-70e8ee758368,RFID9341013,Replenishment,2025-04-07 14:08:44,2025-04-07 14:11:44
f0b1c5a5-316a-4cb6-933c-d93f1c080695,RFID9341013,Entrance,2025-04-07 14:11:44,2025-04-07 14:14:44
a6d8f43d-2306-45c4-a1be-5351c888ae5c,RFID9341013,Cashier,2025-04-07 14:14:44,2025-04-07 14:21:44
d21a13c4-ea4c-4cdd-ae63-8d16c25afc04,RFID6555009,Backroom,2025-04-07 14:19:44,2025-04-07 14:22:44
a487feae-45ab-4bdf-9e93-cceea69390d2,RFID6555009,Replenishment,2025-04-07 14:22:44,2025-04-07 14:27:44
9cb56b42-757f-49ea-a933-143ded508f66,RFID6555009,Entrance,2025-04-07 14:27:44,2025-04-07 14:30:44
3eb34463-3cad-4001-8028-5c47d8c8e81a,RFID6555009,Cashier,2025-04-07 14:30:44,2025-04-07 14:37:44
ec38c598-0235-4e7e-a18a-a147324b7df7,RFID3245019,Backroom,2025-04-06 15:02:44,2025-04-06 15:07:44
8eb9c839-f2d6-4ca5-bee0-25099aca7cbd,RFID3245019,Replenishment,2025-04-06 15:07:44,2025-04-06 15:12:44
7625dfcb-59df-4329-a6fb-40743fca5b81,RFID3245019,Entrance,2025-04-06 15:12:44,2025-04-06 15:16:44
46b9b1f4-24c4-47e4-9789-edcb6e5cced0,RFID3245019,Cashier,2025-04-06 15:16:44,2025-04-06 15:20:44
82e11de1-5822-4d9b-b91c-db64a0f10794,RFID7035040,Backroom,2025-04-06 14:53:44,2025-04-06 15:00:44
075459b8-4cd8-4eb4-a775-f684549ae902,RFID7035040,Replenishment,2025-04-06 15:00:44,2025-04-06 15:05:44
f9e6fbb6-3638-4e14-98b8-1875e4f3ef73,RFID7035040,Entrance,2025-04-06 15:05:44,2025-04-06 15:09:44
af95f374-1dbe-4e64-b29f-a37eb0f7733c,RFID7035040,Cashier,2025-04-06 15:09:44,2025-04-06 15:16:44
a8e69679-f32b-47f1-9ac2-5d5e09257bb2,RFID1272039,Backroom,2025-04-01 11:28:40,2025-04-01 11:31:40
9228a4ab-2916-41ca-afa3-a2662f526101,RFID1272039,Replenishment,2025-04-01 11:31:40,2025-04-01 11:35:40
056ed625-4224-4c06-9035-4b85212c44cf,RFID1272039,Entrance,2025-04-01 11:35:40,2025-04-01 11:39:40
6f65bf74-924f-4f5f-b451-91146f700de9,RFID1272039,Cashier,2025-04-01 11:39:40,2025-04-01 11:45:40
b9db9599-8ac2-430c-9739-a24fdf491758,RFID1272039,Backroom,2025-04-01 11:25:40,2025-04-01 11:30:40
1b9e5a36-baa2-4505-a677-f2fb1e23a6db,RFID1272039,Replenishment,2025-04-01 11:30:40,2025-04-01 11:36:40
d4b4a95f-ba29-4727-aee0-5ef36ca9d204,RFID1272039,Entrance,2025-04-01 11:36:40,2025-04-01 11:39:40
a686988c-8187-48cc-a244-ace591dde9d9,RFID1272039,Cashier,2025-04-01 11:39:40,2025-04-01 11:42:40
a0309d52-9028-4bfd-893a-aa994fc91a2d,RFID4261012,Backroom,2025-04-01 11:29:40,2025-04-01 11:36:40
d8ec7d9e-d259-46db-abc9-085a7d3ceb57,RFID4261012,Replenishment,2025-04-01 11:36:40,2025-04-01 11:39:40
8e6dc316-2661-48ce-a5ed-992513b2b5c4,RFID4261012,Entrance,2025-04-01 11:39:40,2025-04-01 11:45:40
7b1dff9d-c460-4c33-96ec-bfe20aa976f1,RFID4261012,Cashier,2025-04-01 11:45:40,2025-04-01 11:48:40
02696e53-172e-4541-b6ac-59dd2a33ac48,RFID1517056,Backroom,2025-04-01 11:24:40,2025-04-01 11:31:40
767b874f-4ccb-4079-be8c-31f773dc74c7,RFID1517056,Replenishment,2025-04-01 11:31:40,2025-04-01 11:35:40
26985047-b3a2-4a27-8cb3-d592a2f95322,RFID1517056,Entrance,2025-04-01 11:35:40,2025-04-01 11:40:40
acbc9402-42c3-4252-815c-53f6dceb077a,RFID1517056,Cashier,2025-04-01 11:40:40,2025-04-01 11:43:40
03d6dcea-9e45-4086-8c95-518fe6769e51,RFID9311033,Backroom,2025-04-01 11:08:40,2025-04-01 11:13:40
e3cdf910-4112-44c2-8673-6fbead992f5f,RFID9311033,Replenishment,2025-04-01 11:13:40,2025-04-01 11:19:40
f9cc84b7-0f52-4971-9196-f395d54329ba,RFID9311033,Entrance,2025-04-01 11:19:40,2025-04-01 11:25:40
ffa3cded-ed12-4f06-a8c5-4ac9294042d8,RFID9311033,Cashier,2025-04-01 11:25:40,2025-04-01 11:31:40
dba03db0-9137-4121-8f11-34ef72518b3d,RFID4261012,Backroom,2025-04-04 17:57:25,2025-04-04 18:00:25
cffa2756-9044-4606-82b7-e0b8968cebca,RFID4261012,Replenishment,2025-04-04 18:00:25,2025-04-04 18:05:25
5649be81-f684-4df6-9ef9-997b25c0a492,RFID4261012,Entrance,2025-04-04 18:05:25,2025-04-04 18:11:25
e7e3230c-990d-47c3-80b4-ca4ea3e7071e,RFID4261012,Cashier,2025-04-04 18:11:25,2025-04-04 18:18:25
003af681-ab1d-45dc-a280-1b74306180a5,RFID7438030,Backroom,2025-04-04 18:01:25,2025-04-04 18:05:25
28282ce3-8969-4f98-885d-d2f215969cf7,RFID7438030,Replenishment,2025-04-04 18:05:25,2025-04-04 18:12:25
2bf0c22c-25a2-4adb-a95b-519ce5403198,RFID7438030,Entrance,2025-04-04 18:12:25,2025-04-04 18:19:25
1d1d087c-ff36-4893-a788-d03453c12352,RFID7438030,Cashier,2025-04-04 18:19:25,2025-04-04 18:23:25
70b2dd33-b5bd-46a0-8f92-b93361f8ef6b,RFID7438030,Backroom,2025-04-02 18:09:01,2025-04-02 18:13:01
789310da-e4b7-4007-b601-90ab29816cce,RFID7438030,Replenishment,2025-04-02 18:13:01,2025-04-02 18:18:01
d3fc422b-0f0f-4edb-a507-008477a49fce,RFID7438030,Entrance,2025-04-02 18:18:01,2025-04-02 18:21:01
34b024ec-7b5e-4b48-ac49-d9594faf4ac0,RFID7438030,Cashier,2025-04-02 18:21:01,2025-04-02 18:26:01
a7f3bfa9-f5cd-4dbb-9e1d-6739bfbfe090,RFID1637018,Backroom,2025-04-02 18:09:01,2025-04-02 18:12:01
aa8de3b4-7acd-4c72-9420-fe29834808c1,RFID1637018,Replenishment,2025-04-02 18:12:01,2025-04-02 18:18:01
6542a96b-684f-4fc4-8f07-fa6b5e6ed527,RFID1637018,Entrance,2025-04-02 18:18:01,2025-04-02 18:24:01
4ad11e27-da6c-4fc0-9b22-5be14d1fa898,RFID1637018,Cashier,2025-04-02 18:24:01,2025-04-02 18:27:01
bc65bae2-ed7d-4c58-9fd9-54efc817eab3,RFID8780038,Backroom,2025-04-04 12:19:58,2025-04-04 12:26:58
30929314-d801-4b2e-a7fb-718cdc30a0ca,RFID8780038,Replenishment,2025-04-04 12:26:58,2025-04-04 12:32:58
7d551fa0-730f-4e7a-b61b-b5b14b1a45f3,RFID8780038,Entrance,2025-04-04 12:32:58,2025-04-04 12:37:58
99abc70c-6985-4655-b2cb-25120b15e655,RFID8780038,Cashier,2025-04-04 12:37:58,2025-04-04 12:44:58
1428fa1a-7c58-418f-9435-218ad14d346e,RFID3245019,Backroom,2025-04-04 12:28:58,2025-04-04 12:32:58
01ad7e48-e523-4599-9acb-0685ab41eeab,RFID3245019,Replenishment,2025-04-04 12:32:58,2025-04-04 12:35:58
f9408607-3071-499e-8996-ed55dc6555ea,RFID3245019,Entrance,2025-04-04 12:35:58,2025-04-04 12:39:58
96a01e31-544d-4eb9-bc93-2f62761d8255,RFID3245019,Cashier,2025-04-04 12:39:58,2025-04-04 12:42:58
e625b17c-d416-47ad-97bd-123455b7da27,RFID3245019,Backroom,2025-04-04 11:03:15,2025-04-04 11:06:15
dd090dc0-0461-422a-9213-0be54c4383ca,RFID3245019,Replenishment,2025-04-04 11:06:15,2025-04-04 11:12:15
4eb2b3cb-6994-414b-b1d9-9e4ce6db7324,RFID3245019,Entrance,2025-04-04 11:12:15,2025-04-04 11:16:15
af004691-f3b5-40a5-a625-180795742712,RFID3245019,Cashier,2025-04-04 11:16:15,2025-04-04 11:23:15
f5e7ac50-6520-4e58-ae40-745b5dd264d3,RFID8871050,Backroom,2025-04-06 16:17:44,2025-04-06 16:20:44
5e75c0d0-64b3-4877-9ff7-9102974c2534,RFID8871050,Replenishment,2025-04-06 16:20:44,2025-04-06 16:23:44
4e445e75-c287-4f62-b15e-3b0f492ed88e,RFID8871050,Entrance,2025-04-06 16:23:44,2025-04-06 16:28:44
f95392cf-537c-4161-b786-2da8ad6c5d27,RFID8871050,Cashier,2025-04-06 16:28:44,2025-04-06 16:34:44
9b73c6fe-1700-4594-81fb-9a1a1a0bfb66,RFID9193015,Backroom,2025-04-07 18:36:12,2025-04-07 18:40:12
7260fd2b-f1f9-495a-8130-db9c080eee41,RFID9193015,Replenishment,2025-04-07 18:40:12,2025-04-07 18:44:12
508298cd-e45c-469d-956b-10606acf0395,RFID9193015,Entrance,2025-04-07 18:44:12,2025-04-07 18:51:12
a88df653-db02-48b7-ae8f-1d6660661971,RFID9193015,Cashier,2025-04-07 18:51:12,2025-04-07 18:56:12
4bb6c775-f626-4723-afb5-febcb9eb2cee,RFID1310059,Backroom,2025-04-07 18:29:12,2025-04-07 18:34:12
450afd7e-11df-4f05-b881-e743093ebdcd,RFID1310059,Replenishment,2025-04-07 18:34:12,2025-04-07 18:37:12
ffbf9837-3065-40df-8da8-fe475fe667af,RFID1310059,Entrance,2025-04-07 18:37:12,2025-04-07 18:43:12
c4b477c5-90c5-4b93-a223-1b54363bcb2d,RFID1310059,Cashier,2025-04-07 18:43:12,2025-04-07 18:47:12
96567388-9dbd-4029-8cf4-0b9d298a8af4,RFID4261012,Backroom,2025-04-06 15:01:33,2025-04-06 15:08:33
a12717ec-0939-4367-8e59-66927128ae2c,RFID4261012,Replenishment,2025-04-06 15:08:33,2025-04-06 15:13:33
40cd4dea-2fb2-46fb-ac34-2425e1193090,RFID4261012,Entrance,2025-04-06 15:13:33,2025-04-06 15:20:33
50ed8435-1ae1-48aa-9222-8392686a08a1,RFID4261012,Cashier,2025-04-06 15:20:33,2025-04-06 15:26:33
cacf4f51-9a83-4c9b-bcf8-109c84b535d2,RFID5350047,Backroom,2025-04-06 15:07:33,2025-04-06 15:14:33
113a8341-9a88-4b2c-9a24-623d3ffd7a1c,RFID5350047,Replenishment,2025-04-06 15:14:33,2025-04-06 15:19:33
addcbad3-e519-4df0-88c0-ff429795af0b,RFID5350047,Entrance,2025-04-06 15:19:33,2025-04-06 15:22:33
094369fa-2288-405b-b570-aedfa8098b44,RFID5350047,Cashier,2025-04-06 15:22:33,2025-04-06 15:28:33
d3444054-66ad-4669-9c60-b0e584e9d730,RFID1517056,Backroom,2025-04-02 14:02:04,2025-04-02 14:07:04
ffa2d494-c3ea-4cd6-958b-82a21e6a0bc7,RFID1517056,Replenishment,2025-04-02 14:07:04,2025-04-02 14:12:04
e9e58d00-42b2-4288-8231-27b3e12a4b4e,RFID1517056,Entrance,2025-04-02 14:12:04,2025-04-02 14:19:04
6c48be11-e776-40a9-ae94-2817db65e540,RFID1517056,Cashier,2025-04-02 14:19:04,2025-04-02 14:23:04
8ea20636-95ab-4886-b8f4-9b22014a5774,RFID3793051,Backroom,2025-04-02 12:12:45,2025-04-02 12:15:45
5406d762-fe7e-4c45-98cb-b6005b315489,RFID3793051,Replenishment,2025-04-02 12:15:45,2025-04-02 12:20:45
43509360-8011-4105-9cd0-f5292222a0cb,RFID3793051,Entrance,2025-04-02 12:20:45,2025-04-02 12:23:45
036db5c7-09ee-48a0-a1b7-597aaaa5e2f9,RFID3793051,Cashier,2025-04-02 12:23:45,2025-04-02 12:30:45
d2d4e226-40dc-4816-b04b-bfdfe843f094,RFID3793051,Backroom,2025-04-05 14:18:32,2025-04-05 14:24:32
f46db1ab-1423-43f1-874b-8a3f3c947438,RFID3793051,Replenishment,2025-04-05 14:24:32,2025-04-05 14:31:32
49b05afe-4003-4105-a3b2-52ae4fd055f9,RFID3793051,Entrance,2025-04-05 14:31:32,2025-04-05 14:37:32
f8c90730-e7c3-41fc-9231-a081dd6364b7,RFID3793051,Cashier,2025-04-05 14:37:32,2025-04-05 14:42:32
208a5796-8cf5-4546-b706-2a3cd66c78e5,RFID6555009,Backroom,2025-04-01 12:17:14,2025-04-01 12:20:14
946ac5df-f6b0-44bc-b26a-e8e91dca4784,RFID6555009,Replenishment,2025-04-01 12:20:14,2025-04-01 12:24:14
487ea025-d152-42d5-98de-7fedd13bef5a,RFID6555009,Entrance,2025-04-01 12:24:14,2025-04-01 12:30:14
48a812d1-d98b-4bae-9573-3b219e06a317,RFID6555009,Cashier,2025-04-01 12:30:14,2025-04-01 12:36:14
8286d1b4-d411-409b-8eeb-c08a4804a715,RFID1517056,Backroom,2025-04-01 12:11:14,2025-04-01 12:18:14
fc946d6e-5f6c-4573-9831-9d343bb45f3b,RFID1517056,Replenishment,2025-04-01 12:18:14,2025-04-01 12:21:14
a164801d-1155-4001-8a50-2fa3a41e78bc,RFID1517056,Entrance,2025-04-01 12:21:14,2025-04-01 12:26:14
2f1dd739-00f2-4528-9704-5d8d7a1353f0,RFID1517056,Cashier,2025-04-01 12:26:14,2025-04-01 12:29:14
5034919b-b754-47d0-af6c-eb25311c0dc7,RFID7438030,Backroom,2025-04-04 13:06:36,2025-04-04 13:11:36
d3b3ef8f-3d5e-4dad-9792-68bcc2869640,RFID7438030,Replenishment,2025-04-04 13:11:36,2025-04-04 13:16:36
f65bf261-c8d1-4630-ad00-c00413c16fd9,RFID7438030,Entrance,2025-04-04 13:16:36,2025-04-04 13:21:36
1b1074b1-f23d-43aa-aae9-df0ef368a779,RFID7438030,Cashier,2025-04-04 13:21:36,2025-04-04 13:26:36
5a44132d-bc75-4e4b-a889-47c1167ac8be,RFID9193015,Backroom,2025-04-04 13:11:36,2025-04-04 13:18:36
8cda2bcd-f093-4be2-9e81-a3472994f4c9,RFID9193015,Replenishment,2025-04-04 13:18:36,2025-04-04 13:21:36
bb9f6b63-9368-4539-b056-244e57b99287,RFID9193015,Entrance,2025-04-04 13:21:36,2025-04-04 13:28:36
3e2f7be8-d1d0-435d-9faa-6875ef90ebff,RFID9193015,Cashier,2025-04-04 13:28:36,2025-04-04 13:32:36
1c622fff-455b-4ed8-8c2a-4b56b03c2bde,RFID1436045,Backroom,2025-04-02 16:12:42,2025-04-02 16:15:42
34d69d5e-bf23-4cc1-a110-5b7b1095720e,RFID1436045,Replenishment,2025-04-02 16:15:42,2025-04-02 16:21:42
d3efefeb-3d9c-4ecd-97d2-c9b18f6fce1b,RFID1436045,Entrance,2025-04-02 16:21:42,2025-04-02 16:28:42
e885e76d-8431-4a43-a2b6-2bae9fb27028,RFID1436045,Cashier,2025-04-02 16:28:42,2025-04-02 16:33:42
cbf8b8bf-8aac-4c84-8cf8-42e99f574f10,RFID4261012,Backroom,2025-04-02 16:56:46,2025-04-02 16:59:46
deea9c81-233d-4fe0-998d-4161bd003680,RFID4261012,Replenishment,2025-04-02 16:59:46,2025-04-02 17:03:46
839d363d-053b-44cb-bcd1-8c04ddbfd0b2,RFID4261012,Entrance,2025-04-02 17:03:46,2025-04-02 17:08:46
f437f4f4-0b2c-4d3b-8296-cd9bf0707784,RFID4261012,Cashier,2025-04-02 17:08:46,2025-04-02 17:13:46
424cd8aa-2a18-47a1-8e18-3968ea5a2ada,RFID1742017,Backroom,2025-04-06 15:05:50,2025-04-06 15:12:50
53fe9229-074d-4f05-bfd5-7c1f814438a8,RFID1742017,Replenishment,2025-04-06 15:12:50,2025-04-06 15:17:50
156c4335-abbe-4c34-808e-df5f7ca24575,RFID1742017,Entrance,2025-04-06 15:17:50,2025-04-06 15:20:50
616513bf-7ada-4ad0-8729-9d1468979aed,RFID1742017,Cashier,2025-04-06 15:20:50,2025-04-06 15:26:50
d0e167d8-b1a4-4d18-98dc-39b936b685a0,RFID1436045,Backroom,2025-04-02 11:02:46,2025-04-02 11:07:46
55025926-becf-4ac7-80be-7ffe88eab05f,RFID1436045,Replenishment,2025-04-02 11:07:46,2025-04-02 11:11:46
73d38ea1-6d04-4cf8-86fc-fdb8a32e8945,RFID1436045,Entrance,2025-04-02 11:11:46,2025-04-02 11:15:46
1b597bdd-759d-4a8b-a927-2039d14d6abe,RFID1436045,Cashier,2025-04-02 11:15:46,2025-04-02 11:21:46
8832b129-2dd0-4826-b3a4-51a0ce1c5513,RFID1517056,Backroom,2025-04-03 15:08:16,2025-04-03 15:13:16
f7385753-8e90-40a7-b1e2-7076392c683a,RFID1517056,Replenishment,2025-04-03 15:13:16,2025-04-03 15:19:16
f1c3db9b-1fe9-4ff3-87fa-5b7690e78338,RFID1517056,Entrance,2025-04-03 15:19:16,2025-04-03 15:25:16
447fddbe-eebb-4ffd-aa23-4363c3803601,RFID1517056,Cashier,2025-04-03 15:25:16,2025-04-03 15:29:16
a0c715ca-e66e-4d2d-879b-9ad036fc1107,RFID9193015,Backroom,2025-04-03 14:48:16,2025-04-03 14:54:16
3044ee5c-7038-4000-aa4e-ea55dbaa6dd2,RFID9193015,Replenishment,2025-04-03 14:54:16,2025-04-03 15:01:16
732a0ded-d887-4eaf-952b-460640c7c88b,RFID9193015,Entrance,2025-04-03 15:01:16,2025-04-03 15:06:16
21869b94-2c3f-44c0-9285-d9d14d1e90ea,RFID9193015,Cashier,2025-04-03 15:06:16,2025-04-03 15:12:16
f500066c-248d-4bba-b691-0e515bf09ecc,RFID7824043,Backroom,2025-04-03 14:50:16,2025-04-03 14:55:16
409cdd59-58ef-45d5-865d-5e1d90ebe55d,RFID7824043,Replenishment,2025-04-03 14:55:16,2025-04-03 15:01:16
85626943-6c61-4ec8-8d41-6569a232a571,RFID7824043,Entrance,2025-04-03 15:01:16,2025-04-03 15:05:16
4cf7b0be-d162-4d02-80da-a186911583f6,RFID7824043,Cashier,2025-04-03 15:05:16,2025-04-03 15:12:16
cf8a4e39-482a-4a35-84a9-f17314b69145,RFID9721035,Backroom,2025-04-06 10:25:00,2025-04-06 10:30:00
4454d00f-c05a-4d13-af4a-de6f8d5c0b6b,RFID9721035,Replenishment,2025-04-06 10:30:00,2025-04-06 10:34:00
b30d07f6-9f11-4496-b6d8-2b9f8acc9128,RFID9721035,Entrance,2025-04-06 10:34:00,2025-04-06 10:40:00
c62b1b96-c9f4-4b8c-b85f-f11da8672b90,RFID9721035,Cashier,2025-04-06 10:40:00,2025-04-06 10:43:00
10df0090-a8bc-4bdb-9afa-e1beef66ffb2,RFID8225060,Backroom,2025-04-06 10:10:00,2025-04-06 10:14:00
36ad1cd2-ab10-4d1e-9942-20cf04ffe282,RFID8225060,Replenishment,2025-04-06 10:14:00,2025-04-06 10:19:00
767d778a-6dda-44ea-b6e5-b52238c3bcbd,RFID8225060,Entrance,2025-04-06 10:19:00,2025-04-06 10:25:00
0d74291f-90b7-4ab4-a492-8a902c686c0a,RFID8225060,Cashier,2025-04-06 10:25:00,2025-04-06 10:29:00
8bcc495c-6d59-48da-a88b-32b442a946f1,RFID1436045,Backroom,2025-04-06 18:02:19,2025-04-06 18:05:19
2d4e4551-1fbf-4c9f-a4f5-9830a8910624,RFID1436045,Replenishment,2025-04-06 18:05:19,2025-04-06 18:11:19
becec3f5-5b15-4008-9012-27f83e8f89a9,RFID1436045,Entrance,2025-04-06 18:11:19,2025-04-06 18:15:19
249cfc1e-2a7d-4aa3-9955-d5e79d3aa3cc,RFID1436045,Cashier,2025-04-06 18:15:19,2025-04-06 18:22:19
09dda95d-7424-4a35-baa6-d9fb46c24be9,RFID7035040,Backroom,2025-04-04 16:51:57,2025-04-04 16:56:57
5d842b17-8402-4b55-a8dd-3e7265722b39,RFID7035040,Replenishment,2025-04-04 16:56:57,2025-04-04 16:59:57
43337838-46cd-45dc-9a61-88f5ba50075f,RFID7035040,Entrance,2025-04-04 16:59:57,2025-04-04 17:02:57
f4c151a1-c1f6-45e2-935f-28f636ea5add,RFID7035040,Cashier,2025-04-04 17:02:57,2025-04-04 17:05:57
a56c0780-0de0-46c5-ad6a-2e3363dd3342,RFID4261012,Backroom,2025-04-07 11:13:04,2025-04-07 11:16:04
50af8b39-3398-40eb-b55b-6ab47c615f49,RFID4261012,Replenishment,2025-04-07 11:16:04,2025-04-07 11:20:04
f2a76026-3dd8-42dc-b41b-80231a8ad994,RFID4261012,Entrance,2025-04-07 11:20:04,2025-04-07 11:26:04
9341c619-4e27-419e-8946-fdf1ea01a73e,RFID4261012,Cashier,2025-04-07 11:26:04,2025-04-07 11:32:04
a4bacdab-d611-4e8f-8e8a-18f450ff2b67,RFID5350047,Backroom,2025-04-05 14:14:29,2025-04-05 14:19:29
76c653d6-1084-4277-bbea-55ab70d7c7a4,RFID5350047,Replenishment,2025-04-05 14:19:29,2025-04-05 14:24:29
7382bdc1-8adf-46d7-b75d-4132e73cc0c6,RFID5350047,Entrance,2025-04-05 14:24:29,2025-04-05 14:27:29
c3be7028-7bd6-4b87-ad51-a81bfbe25ac2,RFID5350047,Cashier,2025-04-05 14:27:29,2025-04-05 14:32:29
7794f1e2-1270-4c8a-aab6-f5770ed2173b,RFID1659016,Backroom,2025-04-05 14:09:29,2025-04-05 14:14:29
0e40fbf0-4687-4197-8bfe-002166731c4d,RFID1659016,Replenishment,2025-04-05 14:14:29,2025-04-05 14:19:29
08f1548b-4f99-486d-8e75-0f8bb3b8193a,RFID1659016,Entrance,2025-04-05 14:19:29,2025-04-05 14:23:29
7ff10af1-1ebc-46dc-82fc-19c72f36218f,RFID1659016,Cashier,2025-04-05 14:23:29,2025-04-05 14:28:29
28d085d5-466c-44e8-a3cf-b44b9651de35,RFID3793051,Backroom,2025-04-05 13:59:29,2025-04-05 14:06:29
88553192-ad82-4ccb-9d4d-e0eabb6a8f5f,RFID3793051,Replenishment,2025-04-05 14:06:29,2025-04-05 14:12:29
bfe4e653-962b-4996-b6dc-2379bb738bdf,RFID3793051,Entrance,2025-04-05 14:12:29,2025-04-05 14:17:29
f422df40-b2b0-46c7-9e0f-c35c85628021,RFID3793051,Cashier,2025-04-05 14:17:29,2025-04-05 14:23:29
cba7bc2d-5e31-4474-b0be-7e113b656d52,RFID6555009,Backroom,2025-04-03 12:59:47,2025-04-03 13:04:47
930f9e84-e62a-44f7-bc2c-0587be8f1669,RFID6555009,Replenishment,2025-04-03 13:04:47,2025-04-03 13:07:47
636e4cb2-4713-4489-a3e5-9260cceb5c78,RFID6555009,Entrance,2025-04-03 13:07:47,2025-04-03 13:12:47
7bd782e2-9a39-4473-9d66-e3165795bba1,RFID6555009,Cashier,2025-04-03 13:12:47,2025-04-03 13:15:47
1f6318a8-5fdb-4fcd-bb9f-a8cd07209bff,RFID7438030,Backroom,2025-04-07 15:04:25,2025-04-07 15:10:25
be18dd80-73a1-47f2-9563-354272bf839f,RFID7438030,Replenishment,2025-04-07 15:10:25,2025-04-07 15:14:25
6c0a2202-9613-47eb-aae3-062c7776784e,RFID7438030,Entrance,2025-04-07 15:14:25,2025-04-07 15:21:25
5d2251ca-2120-41c0-a58c-486000f9f94f,RFID7438030,Cashier,2025-04-07 15:21:25,2025-04-07 15:25:25
02be2d78-e553-4c99-aeb0-dec135b0d213,RFID1637018,Backroom,2025-04-06 09:48:27,2025-04-06 09:52:27
d027143e-b61c-4789-82ad-899a9f72bf14,RFID1637018,Replenishment,2025-04-06 09:52:27,2025-04-06 09:56:27
e724ee06-ec68-4c3e-9039-345f42442d30,RFID1637018,Entrance,2025-04-06 09:56:27,2025-04-06 10:03:27
37eb001c-ba7d-4ac9-a59e-54bb8e5b6808,RFID1637018,Cashier,2025-04-06 10:03:27,2025-04-06 10:08:27
c3845d14-613d-4e4b-a444-8bd5ae66cf01,RFID6990010,Backroom,2025-04-01 09:44:00,2025-04-01 09:50:00
29920369-97f4-4ee4-a971-d3eba1bc9e67,RFID6990010,Replenishment,2025-04-01 09:55:00,2025-04-01 10:07:00
dd682761-b4a1-4283-8026-5bee3fe565f1,RFID9025036,Backroom,2025-04-01 09:54:00,2025-04-01 10:08:00
f70c66f0-881d-4ff7-be26-f8f19681edae,RFID9025036,Replenishment,2025-04-01 10:14:00,2025-04-01 10:26:00
151dd9ec-e8bb-46a7-8c44-21895477d0dc,RFID8761021,Backroom,2025-04-01 11:00:00,2025-04-01 11:15:00
e2e39991-5078-4a40-ac7e-30dbef232d05,RFID8761021,Replenishment,2025-04-01 11:23:00,2025-04-01 11:29:00
af502b36-0361-4bec-9748-51096e689dc3,RFID6456020,Backroom,2025-04-01 09:08:00,2025-04-01 09:17:00
ccf3e535-0505-4c7c-95f7-b98442dc031c,RFID6456020,Replenishment,2025-04-01 09:24:00,2025-04-01 09:35:00
ac7d5490-e129-4742-b7f1-8259c99e776a,RFID3440024,Backroom,2025-04-01 10:08:00,2025-04-01 10:20:00
ad817fca-6460-45b8-b9d0-93fa626f0565,RFID3440024,Replenishment,2025-04-01 10:28:00,2025-04-01 10:40:00
cf50560b-839d-48b9-8422-5d3198b43ac2,RFID6040044,Backroom,2025-04-01 09:19:00,2025-04-01 09:30:00
3139aad1-2cd9-4313-9244-4470b0778d5f,RFID6040044,Replenishment,2025-04-01 09:33:00,2025-04-01 09:41:00
cbb789ce-698b-4e9c-ba16-56c040db7a02,RFID4728048,Backroom,2025-04-01 10:16:00,2025-04-01 10:24:00
06b905bc-11ed-4d2a-bafa-132b9ad0311d,RFID4728048,Replenishment,2025-04-01 10:34:00,2025-04-01 10:48:00
c535f906-9e27-40ed-8d07-8d1afa00883a,RFID7114008,Backroom,2025-04-01 09:10:00,2025-04-01 09:18:00
a532e777-2bae-46b5-a398-784a4c58f71e,RFID7114008,Replenishment,2025-04-01 09:28:00,2025-04-01 09:40:00
3f6c9857-3a01-4096-8756-2bb0cb8bf1a2,RFID3363011,Backroom,2025-04-01 09:57:00,2025-04-01 10:12:00
d60c152d-800c-4337-9590-840342371649,RFID3363011,Replenishment,2025-04-01 10:15:00,2025-04-01 10:27:00
83490369-96bd-4c6d-9b92-c507be109057,RFID9589052,Backroom,2025-04-01 10:20:00,2025-04-01 10:33:00
f7004138-4eda-488c-86a4-4c9271e2887f,RFID9589052,Replenishment,2025-04-01 10:42:00,2025-04-01 10:48:00
e435bcbd-253f-442b-b637-eca33800db27,RFID4125058,Backroom,2025-04-01 09:55:00,2025-04-01 10:02:00
bb9b9e6c-2491-4d4e-9c7c-5b1557147630,RFID4125058,Replenishment,2025-04-01 10:10:00,2025-04-01 10:15:00
ff0b8a1a-9dfa-4a95-915d-559ee2f666a3,RFID8487023,Backroom,2025-04-01 10:13:00,2025-04-01 10:27:00
22c392f1-3d4f-444f-8a90-b103a9822715,RFID8487023,Replenishment,2025-04-01 10:36:00,2025-04-01 10:41:00
9321ac1f-43fa-407b-b3b4-bd9132ff576f,RFID6373027,Backroom,2025-04-01 10:15:00,2025-04-01 10:29:00
0e5e6355-cd0c-49c5-a6e3-a694e16098b9,RFID6373027,Replenishment,2025-04-01 10:35:00,2025-04-01 10:46:00
da822382-0ab9-4687-861b-a7a9488b9511,RFID9261001,Backroom,2025-04-01 10:01:00,2025-04-01 10:14:00
bf031807-dbe8-4533-b81a-661372f4ccbb,RFID9261001,Replenishment,2025-04-01 10:22:00,2025-04-01 10:31:00
d5261f16-e5c5-4607-9cf9-ed753299ccd8,RFID9351034,Backroom,2025-04-01 10:13:00,2025-04-01 10:26:00
0ea882e4-5747-4726-8b21-bd73b7ef60a8,RFID9351034,Replenishment,2025-04-01 10:32:00,2025-04-01 10:39:00
44c4f245-b215-4a2e-ac25-386f034d9a82,RFID3108005,Backroom,2025-04-01 09:05:00,2025-04-01 09:16:00
5ba31b5a-34c6-42cb-a040-1319df05ffd4,RFID3108005,Replenishment,2025-04-01 09:18:00,2025-04-01 09:23:00
ced9d06a-18f1-4217-a4eb-60bfcf159673,RFID3421054,Backroom,2025-04-01 09:23:00,2025-04-01 09:37:00
dcdda5ca-2810-4ceb-b6dd-8c636274a718,RFID3421054,Replenishment,2025-04-01 09:42:00,2025-04-01 09:56:00
563e957f-8dab-42e3-9f76-d0b9017fd661,RFID6511032,Backroom,2025-04-01 09:23:00,2025-04-01 09:30:00
100f52cc-5492-4c2d-813e-2c975ff82aef,RFID6511032,Replenishment,2025-04-01 09:38:00,2025-04-01 09:46:00
0dc96dd2-c10e-43aa-abd6-7c11375d9aee,RFID2584006,Backroom,2025-04-01 09:58:00,2025-04-01 10:09:00
d85b575e-cacc-408c-ac5d-f3f0746512f6,RFID2584006,Replenishment,2025-04-01 10:16:00,2025-04-01 10:23:00
cf102ed5-d6fa-4a0b-976f-776445ab63d6,RFID2795042,Backroom,2025-04-01 09:58:00,2025-04-01 10:09:00
b25fb753-98c9-4a0e-984b-0bb26ceea90c,RFID2795042,Replenishment,2025-04-01 10:13:00,2025-04-01 10:23:00
598e66a3-e302-45df-aef1-a9f6800f2927,RFID9508022,Backroom,2025-04-01 11:00:00,2025-04-01 11:14:00
d54acfb9-40bd-45b7-a2a0-a964c84c1b7d,RFID9508022,Replenishment,2025-04-01 11:24:00,2025-04-01 11:34:00
67f805ad-0dbf-4bb8-b860-f0eff59d7118,RFID2946004,Backroom,2025-04-01 09:23:00,2025-04-01 09:28:00
58878d30-1d51-4aff-8c55-efeb412aa050,RFID2946004,Replenishment,2025-04-01 09:35:00,2025-04-01 09:42:00
0210c489-0477-4f14-b2e5-a32f51fac847,RFID3662029,Backroom,2025-04-01 10:36:00,2025-04-01 10:41:00
cc64880b-13d7-4cb1-834e-5bd501d14f84,RFID3662029,Replenishment,2025-04-01 10:44:00,2025-04-01 10:52:00
1ce5b386-836b-4a74-b266-48cf06e36b46,RFID7229053,Backroom,2025-04-01 10:58:00,2025-04-01 11:07:00
ae9a2461-f38f-4895-bba4-70a813a82539,RFID7229053,Replenishment,2025-04-01 11:11:00,2025-04-01 11:23:00
2a02195d-7023-43b6-b38c-624d190cf7a6,RFID7576014,Backroom,2025-04-01 09:23:00,2025-04-01 09:32:00
94304620-9b19-42b0-86f6-174dd27ceb6d,RFID7576014,Replenishment,2025-04-01 09:38:00,2025-04-01 09:44:00
c306c0fd-5360-4bd6-a030-6d02e74ac45b,RFID8378002,Backroom,2025-04-01 10:58:00,2025-04-01 11:05:00
084b609c-ed0e-4aaa-a8c0-8218bf6ef9f6,RFID8378002,Replenishment,2025-04-01 11:10:00,2025-04-01 11:23:00
0d159ea0-d688-4812-b592-c8e195423625,RFID7453007,Backroom,2025-04-01 10:13:00,2025-04-01 10:27:00
c7b03390-7434-43be-b09b-6d1684de064e,RFID7453007,Replenishment,2025-04-01 10:35:00,2025-04-01 10:47:00
797f5705-be69-4bbb-991b-67f9489108c4,RFID5902031,Backroom,2025-04-01 10:46:00,2025-04-01 10:58:00
82116a82-eabf-4d58-9512-8269301300bd,RFID5902031,Replenishment,2025-04-01 11:02:00,2025-04-01 11:11:00
3ce9c5d1-1d13-474b-9c71-f591b853da21,RFID1841049,Backroom,2025-04-01 09:06:00,2025-04-01 09:12:00
8cb3b7b4-835a-40a6-b16a-7d04adf52506,RFID1841049,Replenishment,2025-04-01 09:22:00,2025-04-01 09:37:00
8708395f-e3fa-43fb-9eaf-324db9732bd0,RFID3290026,Backroom,2025-04-01 10:23:00,2025-04-01 10:28:00
8d812e32-59ba-4b67-b0d3-c6cbc852b3ac,RFID3290026,Replenishment,2025-04-01 10:35:00,2025-04-01 10:41:00
e2818e4e-8a0e-4f3f-9e86-2b05f70f7782,RFID4968055,Backroom,2025-04-01 10:07:00,2025-04-01 10:13:00
6fcb9884-1efe-40ac-9e41-f4c6a8faff9e,RFID4968055,Replenishment,2025-04-01 10:18:00,2025-04-01 10:29:00
665c063f-8d8a-4f76-93cc-09464517fd3f,RFID6218028,Backroom,2025-04-01 09:06:00,2025-04-01 09:17:00
67456c53-04f7-49ba-9e4d-0bf443992907,RFID6218028,Replenishment,2025-04-01 09:20:00,2025-04-01 09:33:00
cb404cfc-73cc-4888-bfa4-cfb16c89e1f3,RFID8775046,Backroom,2025-04-01 10:50:00,2025-04-01 10:56:00
ae5f50c3-a222-4538-8f0a-408baf9a91d0,RFID8775046,Replenishment,2025-04-01 10:59:00,2025-04-01 11:14:00
5034c4c5-438a-4dd5-9c74-2a3ff94d636e,RFID5582003,Backroom,2025-04-01 09:32:00,2025-04-01 09:38:00
bc4015ea-c5d1-4808-b3e2-481dd22630b0,RFID5582003,Replenishment,2025-04-01 09:42:00,2025-04-01 09:49:00
297f4266-0c85-4e20-b586-cc87a23226da,RFID2800057,Backroom,2025-04-01 10:20:00,2025-04-01 10:34:00
4781eb6d-139d-47cd-98fc-60ba08a06f8f,RFID2800057,Replenishment,2025-04-01 10:44:00,2025-04-01 10:50:00
1cb18446-bb31-46cd-9559-c522dcfd5c85,RFID9446025,Backroom,2025-04-01 10:08:00,2025-04-01 10:13:00
4821538f-70c3-457f-addc-75471e25c7c5,RFID9446025,Replenishment,2025-04-01 10:17:00,2025-04-01 10:23:00
